ID,이름,위도,경도,지역코드
1,성산일출봉 [유네스코 세계자연유산],33.45811112,126.9415156,3
2,표선 해비치 해변,33.32564354,126.8396358,3
3,도두동 무지개해안도로,33.50938958,126.4724746,3
4,방선문,33.45429361,126.5169053,3
5,오현단,33.5102931,126.5255811,3
6,알뜨르비행장 및 일본군 비행기 격납고,33.20312307,126.2727655,3
7,용수항,33.32356086,126.1649638,3
8,갯깍주상절리대,33.30052845,126.4156981,3
9,구시물,33.29539761,126.7120031,3
10,하고수동해변,33.51427461,126.9574574,3
11,산지천,33.51620641,126.5299611,3
12,만장굴 (제주도 국가지질공원),33.52804785,126.7706788,3
13,화조원,33.41133773,126.3720161,3
14,비양도선착장,33.41909071,126.2625727,3
15,나홀로나무,33.35095238,126.3492166,3
16,월정사(제주),33.46676157,126.5100973,3
17,서귀포 가시리마을 (녹산로 유채꽃도로),33.35327551,126.7716355,3
18,천제연폭포,33.252656,126.4184295,3
19,협재포구,33.38222792,126.2498107,3
20,평화통일 불사리탑,33.5319647,126.6362432,3
21,한라산 영실,33.34023064,126.4803111,3
22,쇠소깍,33.25217874,126.6231007,3
23,성산포성당,33.45399168,126.913657,3
24,서귀포자연휴양림,33.31081973,126.4630827,3
25,휴림,33.44381004,126.4287993,3
26,물드리네,33.32274247,126.2269446,3
27,검멀레해변,33.49672951,126.9685513,3
28,산지 등대,33.52091447,126.5456624,3
29,교래 삼다수마을,33.4363537,126.6768835,3
30,동광리농촌체험마을,33.30665431,126.337102,3
31,판포포구,33.3654401,126.1996321,3
32,마라도(마라해양도립공원),33.11863508,126.2674345,3
33,북촌 돌하르방공원,33.5396036,126.6896606,3
34,비밀의 숲,33.45377803,126.7552818,3
35,월정리해변(월정리해수욕장),33.55465368,126.7983897,3
36,신화워터파크,33.30725953,126.319748,3
37,약천사(제주),33.24536563,126.4496742,3
38,고살리 숲길,33.31729338,126.5984791,3
39,성산세화해안도로,33.51009092,126.9065285,3
40,김녕항 / 김녕포구,33.55807736,126.7400447,3
41,선흘2리마을,33.45690759,126.7142937,3
42,이중섭 문화거리,33.24763941,126.5640059,3
43,조랑말체험공원,33.38333551,126.7358351,3
44,하멜기념비,33.23374812,126.31465,3
45,새별오름,33.36736458,126.3570489,3
46,서귀진지,33.2432288,126.5648115,3
47,구두미포구,33.23706054,126.5968255,3
48,신산공원,33.5052799,126.5337916,3
49,고내포구,33.4670588,126.337915,3
50,한림항,33.41909071,126.2625727,3
51,불탑사(제주),33.52915884,126.5978743,3
52,사라봉(모충사) 의병항쟁기념탑,33.51617335,126.5470457,3
53,서귀포 예래생태마을,33.25425828,126.3979423,3
54,신풍 신천 바다목장,33.35600169,126.8638108,3
55,고배기동산,33.33083012,126.3817115,3
56,제주향교,33.51115952,126.5158347,3
57,화북포구,33.52553648,126.5645634,3
58,한라생태숲,33.43194182,126.5982321,3
59,한라산 (제주도 국가지질공원),33.39273062,126.4948725,3
60,보덕사(제주),33.49170361,126.532492,3
61,소인국테마파크,33.29071973,126.3221787,3
62,우도(해양도립공원),33.51950171,126.95103,3
63,월령포구,33.3785528,126.2163109,3
64,제주양떼목장,33.41138206,126.3652278,3
65,신창풍차해안도로,33.34344769,126.1739015,3
66,성산포JC공원,33.43921268,126.909105,3
67,사수항,33.50962856,126.4795267,3
68,대포해안,33.23802162,126.4260597,3
69,금능해수욕장,33.38983796,126.2353396,3
70,송악산,33.19945153,126.2907751,3
71,형제섬,33.20801477,126.3092289,3
72,카멜리아힐,33.28989832,126.3682664,3
73,세천포구,33.26961374,126.6741708,3
74,수월봉과 차귀해안,33.29412242,126.1630063,3
75,삼양 나이롱책방,33.52487029,126.5895557,3
76,강정포구,33.22716248,126.4750196,3
77,제주러브랜드,33.45210729,126.4883912,3
78,아부오름,33.4476124,126.7773495,3
79,베릿네오름,33.24747885,126.4220099,3
80,화순금모래 해변,33.24070043,126.3335149,3
81,우도 산호해변(서빈백사),33.50268123,126.9437533,3
82,순례자의 교회,33.31983096,126.1805487,3
83,제주 우도 천진항 대합실,33.49283522,126.9515556,3
84,산방굴사(제주),33.23725605,126.3133473,3
85,엉덩물계곡,33.24325982,126.419013,3
86,제주 하도리 철새도래지,33.52047007,126.8905991,3
87,용두암해수랜드,33.51585882,126.5045689,3
88,제주대 벚꽃길,33.45794671,126.5624124,3
89,제주별빛누리공원,33.44457575,126.5492472,3
90,제주 서광다원,33.30593427,126.2941835,3
91,제주 동백마을,33.32039538,126.745183,3
92,하귀애월해안도로,33.47108621,126.3424701,3
93,용머리해안,33.2322594,126.3145223,3
94,비체올린,33.34945605,126.2182392,3
95,소천지,33.23959908,126.5921064,3
96,금능석물원,33.38549108,126.2267487,3
97,용두암,33.51580339,126.511971,3
98,브릭캠퍼스 제주,33.45857597,126.4853024,3
99,1100고지습지,33.35767288,126.4630149,3
100,제주성지,33.5102931,126.5255811,3
101,한라산 성판악,33.3848946,126.6203951,3
102,휴애리자연생활공원,33.30851715,126.6344317,3
103,고산일과해안도로 (일과리해안도로),33.27516355,126.1723198,3
104,제주도예촌,33.26465181,126.2357229,3
105,제주항,33.52006994,126.5342384,3
106,제이엠그랑블루요트,33.23824404,126.4396058,3
107,여미지식물원,33.25260594,126.4142854,3
108,수월봉,33.29478901,126.1634201,3
109,교래자연휴양림,33.45139616,126.6567238,3
110,우도 밤수지맨드라미책방,33.52075986,126.9484969,3
111,운진항,33.2097721,126.2576111,3
112,신양 섭지해수욕장,33.43025009,126.9280674,3
113,조천함덕 해안도로,33.5428196,126.6705344,3
114,백제사,33.44881497,126.4243079,3
115,산방산유람선,33.23706752,126.3352176,3
116,도두항,33.5061676,126.4650003,3
117,우도마을,33.51188333,126.964854,3
118,광치기해변,33.4523087,126.9239478,3
119,서건도,33.25402924,126.4927119,3
120,제주마방목지,33.42762016,126.6037011,3
121,제주드림타워복합리조트,33.48529239,126.4814716,3
122,논짓물,33.2369517,126.3881241,3
123,제주신흥해수욕장,33.55197935,126.6485444,3
124,글라스하우스,33.43025009,126.9280674,3
125,제주샘주 공장,33.44446963,126.33741,3
126,종달리수국길,33.50997428,126.9073118,3
127,세화해변,33.5244858,126.8605739,3
128,위미1리어촌체험마을,33.27103556,126.6587527,3
129,알작지,33.49620443,126.4412415,3
130,사계해안,33.20952857,126.3145089,3
131,거문오름 [세계자연유산],33.45691592,126.7147325,3
132,김녕오조해안도로,33.56402728,126.7759997,3
133,종달리해변,33.51312935,126.8989125,3
134,비자림,33.48625306,126.8074905,3
135,대평포구,33.23651523,126.3620209,3
136,제주목관아,33.51370378,126.5220646,3
137,퍼시픽 리솜,33.24501791,126.4156521,3
138,상효원수목원/상효원,33.30724429,126.5860193,3
139,천지연 걸매생태공원,33.24996401,126.5551177,3
140,제주다원 녹차미로공원,33.2971261,126.4188396,3
141,김녕성세기해변 (김녕해수욕장),33.55667783,126.7596485,3
142,낭만농장 귤밭76번지,33.28308791,126.3651584,3
143,협재해변,33.39377648,126.2394419,3
144,돈내코(원앙폭포),33.30052553,126.582017,3
145,방사탑(제주),33.54819924,126.6507304,3
146,천왕사(제주),33.40774008,126.4950471,3
147,아홉굿마을,33.32784746,126.2264223,3
148,노을해안로,33.25637443,126.202762,3
149,제주선인장마을,33.37520038,126.2156555,3
150,제주 노루생태관찰원,33.44445478,126.626621,3
151,서귀포잠수함,33.23922914,126.5587093,3
152,금룡사(제주),33.55397248,126.7536019,3
153,따라비 오름,33.38594378,126.750331,3
154,종달항 (두문포항),33.49658137,126.9106757,3
155,정방폭포,33.24503982,126.5716053,3
156,해맞이해안로,33.5504227,126.7427252,3
157,송당 제주살롱,33.47104323,126.782593,3
158,선흘 동백동산/곶자왈 (제주도 국가지질공원),33.51045451,126.7188282,3
159,제주 성산항,33.47254822,126.9299218,3
160,어멍아방잔치마을,33.36192011,126.8405571,3
161,섭지코지,33.43025009,126.9280674,3
162,사계해변,33.2255349,126.2993238,3
163,서귀포유람선 뉴파라다이스호,33.23919303,126.5584621,3
164,전농로,33.50459638,126.5171791,3
165,서귀포항,33.2391598,126.5648727,3
166,왕이메오름,33.34100945,126.3751813,3
167,포레스트사파리,33.46309294,126.7095828,3
168,탑동광장,33.51818945,126.5251198,3
169,산방산(제주),33.23626724,126.3115002,3
170,성이시돌목장 테쉬폰,33.34762742,126.3280769,3
171,우도 등대,33.49208555,126.9665932,3
172,수목원테마파크(아이스뮤지엄),33.47068856,126.4879352,3
173,세화 책다방,33.55710612,126.7939011,3
174,곽지해수욕장 (곽지과물해변),33.44603005,126.3043962,3
175,모충사,33.51617335,126.5470457,3
176,성이시돌목장,33.35016878,126.3267464,3
177,관음사(제주),33.42376153,126.5581441,3
178,사라봉공원,33.51806202,126.5460485,3
179,한라산소주 공장투어,33.40779741,126.2561568,3
180,제주조각공원(포레스트 판타지아),33.25410988,126.3223489,3
181,주상절리대(대포동지삿개),33.23800218,126.426118,3
182,자구내포구,33.30939021,126.1651502,3
183,제주 유수암마을,33.44137934,126.4030877,3
184,비양도,33.40811081,126.2274926,3
185,섯알오름,33.2042092,126.2815563,3
186,신화테마파크,33.30651775,126.3076046,3
187,제주탐나라공화국,33.33451216,126.3256857,3
188,인디고트리,33.26382486,126.634841,3
189,구엄리돌염전,33.4789304,126.381211,3
190,엉또폭포,33.26775561,126.4991777,3
191,연화못(하가못),33.45474643,126.34752,3
192,제주도 국가지질공원,33.45690203,126.7142576,3
193,천지연폭포 (제주도 국가지질공원),33.24453413,126.559473,3
194,석부작박물관,33.25031923,126.5360194,3
195,안성리수국길,33.269702,126.2837741,3
196,한라산 백록담,33.3444755,126.5364394,3
197,소정방폭포,33.24511768,126.577327,3
198,한라수목원,33.46976928,126.4921488,3
199,중문관광단지,33.25489179,126.4136493,3
200,백약이오름,33.43723598,126.7901986,3
201,충렬사,35.19906869,129.0966207,2
202,광복로문화패션거리,35.09910368,129.0312902,2
203,남도해양관광열차 S-트레인(S-train),35.11527152,129.0424332,2
204,은진사,35.33604835,129.2765262,2
205,해리단길,35.16487921,129.1576302,2
206,유치환 우체통 전망대,35.12211227,129.033831,2
207,천성항 방파제등대,35.02821876,128.8148915,2
208,미포,35.15890512,129.1706181,2
209,삼익비치수변공원,35.14622773,129.1152455,2
210,허심청,35.22113541,129.0826824,2
211,영도 하늘전망대,35.07196271,129.0548556,2
212,장안사계곡,35.3744349,129.2328151,2
213,대항선착장,35.01232908,128.8259993,2
214,광안리 SUP Zone,35.14773867,129.1146733,2
215,관음사,35.10910432,128.9758059,2
216,감천동편부두 / 감천항,35.05479719,129.0128152,2
217,영주하늘눈전망대,35.11461027,129.0307259,2
218,이중섭거리,35.14033556,129.0521956,2
219,구상반려암 (부산 국가지질공원),35.16311949,129.0721766,2
220,장림포구,35.07936276,128.9513755,2
221,재한유엔기념공원 (UN기념공원),35.1277711,129.0953116,2
222,구덕문화공원,35.12645293,129.0057695,2
223,금강사(부산),35.22500987,129.0771855,2
224,청사포,35.16044424,129.192219,2
225,재난안전체험관,35.29182234,129.105109,2
226,천마산하늘전망대,35.09364848,129.0173416,2
227,청학 수변공원,35.09772939,129.0611626,2
228,낙동강하구 (부산 국가지질공원),35.10455151,128.9460086,2
229,센텀 APEC나루공원,35.1679172,129.1273244,2
230,보광사(부산),35.14088263,129.0468822,2
231,민락수변공원,35.15718235,129.1308883,2
232,부산 암남공원,35.06164924,129.0151037,2
233,두송반도 (부산 국가지질공원),35.05959616,128.9862008,2
234,깡깡이 예술마을,35.0932044,129.0342207,2
235,해운대 관광특구,35.1584383,129.1598691,2
236,화명생태공원,35.2310995,129.0039112,2
237,대천천,35.24379019,129.0278977,2
238,오시리아 해안산책로,35.19748523,129.2294675,2
239,감지해변,35.06253361,129.0764901,2
240,부산롯데월드,35.19606841,129.2129995,2
241,일광해수욕장,35.25996997,129.2336848,2
242,절영해안산책로,35.08124753,129.0411871,2
243,부산동명불원,35.119175,129.1040278,2
244,국립 달음산자연휴양림,35.30275594,129.1854434,2
245,영도 청학배수지 전망대,35.08839152,129.0600713,2
246,척판암(부산),35.37605124,129.2249379,2
247,캐비네 드 쁘아쏭(미디어 갤러리),35.20020436,129.2289258,2
248,맥도생태공원,35.15234909,128.954926,2
249,마린시티,35.15603272,129.1436567,2
250,대신공원,35.12169252,129.0148105,2
251,마하사(부산),35.1639058,129.0876863,2
252,송도반도 (부산 국가지질공원),35.06596551,129.0195116,2
253,부산 차이나타운특구(상해문.상해거리),35.11343277,129.0385614,2
254,월전포구(월전방파제),35.23832539,129.2451761,2
255,화명수목원,35.25105354,129.0426767,2
256,법륜사(부산),35.20378468,129.0882185,2
257,대항 어촌체험 휴양마을,35.01172084,128.8276908,2
258,부산 송도해상케이블카,35.07668105,129.0234248,2
259,부산남항,35.09190182,129.0372454,2
260,옥련선원,35.16137903,129.1266024,2
261,부산 치유의 숲,35.26900869,129.1298103,2
262,송정역,35.18098098,129.2003621,2
263,F1963,35.17678543,129.1155141,2
264,부산 자갈치 양곱창 골목,35.0973677,129.0277461,2
265,용호별빛공원,35.13225717,129.1201732,2
266,동래온천길(온천천 산책코스),35.19162797,129.1024593,2
267,168계단,35.11712952,129.0353644,2
268,아홉산숲,35.28714077,129.1715589,2
269,장미원,35.23339658,129.0099162,2
270,부산 영화의 전당,35.17079465,129.1270577,2
271,선암사(부산),35.1768588,129.0275329,2
272,75광장,35.07062125,129.058222,2
273,해운대 달맞이길,35.15771936,129.1825699,2
274,해운대 그린레일웨이 (미포~송정 구간),35.1603383,129.1711291,2
275,우암동 도시 숲,35.12774291,129.0728164,2
276,해운대수목원,35.23044085,129.132625,2
277,동래향교,35.20772027,129.0841215,2
278,기장해녀촌(연화리횟촌),35.21842174,129.2281143,2
279,하리선착장,35.07041337,129.0815033,2
280,신세계 센텀시티,35.16878659,129.1297408,2
281,부산 부평 족발 골목,35.09921469,129.0264573,2
282,금수사(부산),35.12042071,129.0296787,2
283,금련산,35.16022306,129.0974161,2
284,금정산성,35.25878903,129.0559837,2
285,홍연폭포,35.29587026,129.1667036,2
286,오륜대전망대,35.24839125,129.1131429,2
287,소름요,35.24337476,129.2417735,2
288,부산 감천문화마을,35.0975007,129.0106254,2
289,부산영화촬영스튜디오,35.162518,129.1380958,2
290,송상현광장,35.16518861,129.0669242,2
291,홍법사(부산),35.30275178,129.1106444,2
292,흰여울문화마을,35.07727585,129.04637,2
293,태종대 전망대,35.05039907,129.0883893,2
294,25의용단,35.17194983,129.1138921,2
295,안데르센 동화마을,35.36011997,129.2399149,2
296,부산 가톨릭 특성화 거리,35.24405812,129.0976416,2
297,낙동강 생태탐방선,35.11025093,128.9492082,2
298,부산진성공원,35.13590845,129.0611255,2
299,서면1번가,35.15357586,129.0582864,2
300,부산 올림픽동산,35.16446214,129.133174,2
301,죽성항(황학대),35.24264716,129.2468481,2
302,황령산 전망대,35.15793416,129.0827286,2
303,부산 복천동 고분군,35.20687327,129.0906821,2
304,오륙도 (부산 국가지질공원),35.09204235,129.1269487,2
305,부산 칠드런스 뮤지엄,35.19205784,129.2177964,2
306,아미산 전망대,35.0527909,128.9608087,2
307,대연수목전시원,,,2
308,동백공원,35.15390811,129.1521171,2
309,용두산공원,35.10048411,129.0326928,2
310,역사의 디오라마,35.11468529,129.0322897,2
311,오륙도 등대,35.09120355,129.1269154,2
312,키자니아 부산,35.16990033,129.1283187,2
313,미포항,35.15845517,129.170682,2
314,곰내연밭,35.29540925,129.169545,2
315,청량사(부산),35.11775787,128.9190856,2
316,금정산성마을 먹거리촌,35.25138704,129.053823,2
317,옛백제병원,35.11636023,129.0392002,2
318,가덕해양파크휴게소,35.02305813,128.809631,2
319,수영사적공원,35.17069443,129.1145032,2
320,가덕도,35.02296383,128.8169442,2
321,송정해수욕장,35.17871177,129.1996401,2
322,캐니언파크 부산,35.14830436,129.0654692,2
323,삼락생태공원,35.16914477,128.9732045,2
324,더베이101,35.15668558,129.1521198,2
325,해운대 동백섬,35.15399144,129.152181,2
326,허브랑야생화,35.2542589,129.0518675,2
327,구포 어린이교통공원,35.20106946,128.9999568,2
328,을숙도 공원,35.09379418,128.9353792,2
329,장산 (부산 국가지질공원),35.18110537,129.1681899,2
330,안심치유정원,35.28982266,129.1101753,2
331,해운대해수욕장,35.15912435,129.1603079,2
332,가덕도대항인공동굴,35.01330955,128.8274686,2
333,국청사(부산),35.25388956,129.0549922,2
334,팬스타부산주말원나잇크루즈,35.11776303,129.0491659,2
335,승학산,35.11409272,128.9795998,2
336,화전공원,35.10565571,128.8791616,2
337,부산 에덴공원,35.10923463,128.9632292,2
338,범어사(부산),35.28399754,129.0681264,2
339,금정선원,35.22163519,129.0741053,2
340,회동수원지,35.22525502,129.1166488,2
341,부산엑스더스카이,35.16138257,129.1680433,2
342,금강공원,35.21901053,129.076233,2
343,광안리해수욕장,35.15379084,129.1184922,2
344,황령산,35.15793416,129.0827286,2
345,좌수영성지,35.17431064,129.1117117,2
346,40계단 문화관광테마거리,35.10406987,129.0354119,2
347,외양포 포진지,35.00563814,128.8251996,2
348,부산라벤더팜,35.25904626,129.1478285,2
349,소두방공원,35.32533112,129.1817598,2
350,정란각/문화공감수정,35.12558704,129.0426663,2
351,김민부전망대,35.11771001,129.0352505,2
352,해운대 블루라인파크,35.1612608,129.191394,2
353,백양산 (부산 국가지질공원),35.18536923,129.0424174,2
354,부산어린이대공원,35.18725791,129.0426785,2
355,수미르공원,35.10200071,129.0381562,2
356,감천사(부산),35.1833037,129.0912632,2
357,BIFF 광장,35.09885089,129.0292126,2
358,충렬탑(부산 충렬사),35.20121289,129.0961401,2
359,부산광안대교,35.14499476,129.1270084,2
360,죽성성당(드림세트장),35.24122234,129.2478869,2
361,스포원파크,35.28916157,129.1070701,2
362,부산 송도해수욕장,35.07392567,129.0164588,2
363,북맛골,35.23699196,129.0825597,2
364,금정산성 막걸리,35.25042331,129.0564228,2
365,부산 티파니21 크루즈 유람선,35.15689107,129.1500811,2
366,델타루 (에코델타시티 전망대),35.13641139,128.922057,2
367,광안리해변 테마거리,35.15516575,129.1221363,2
368,가덕도 등대,35.00064712,128.8295937,2
369,삼광사,35.17593142,129.0434426,2
370,영도 흰여울해안터널,35.07795908,129.0453201,2
371,대항전망대,35.01715908,128.8251215,2
372,신평소공원,35.29271679,129.2600539,2
373,다대포항,35.05241358,128.9832651,2
374,부산대교,35.09601805,129.0385091,2
375,중앙공원,35.11232714,129.0279957,2
376,호천마을,35.14428233,129.0512428,2
377,해운대온천센터,35.16344061,129.1645769,2
378,몰운대 (부산 국가지질공원),35.04028136,128.9699333,2
379,국제크루즈터미널,35.08080106,129.0791838,2
380,송도마을,35.0679652,129.0151036,2
381,초량 이바구길,35.11657126,129.0362643,2
382,사상근린공원,35.15219951,128.976874,2
383,낙동강하구에코센터,35.10442929,128.9458947,2
384,영주암(부산),35.17665458,129.0986683,2
385,땅뫼산,35.24727479,129.1174425,2
386,남선창고터,35.1167963,129.0395112,2
387,미륵사(부산),35.27400663,129.0489255,2
388,부산민주공원,35.10972466,129.0280541,2
389,월전장어구이촌,35.2381615,129.2441707,2
390,만덕고개 누리길 전망데크,35.21428015,129.0573042,2
391,조방해수탕,35.14185225,129.0625724,2
392,임랑해수욕장,35.31601422,129.2620864,2
393,약수암(부산),35.17822751,128.9965272,2
394,청사포 다릿돌전망대,35.1633523,129.1954075,2
395,산복도로,35.1092331,129.0309233,2
396,부산시민공원,35.16549392,129.0558807,2
397,해운대리버크루즈,35.1679172,129.1273244,2
398,낙동강문화관,35.10828722,128.9474417,2
399,초량교회,35.11714343,129.0369614,2
400,안적사(부산),35.21427668,129.1698889,2
401,진관사계곡,37.63792871,126.9465497,1
402,청담공원,37.5211580726,127.0526683289,1
403,효사정,37.5106549012,126.9627629237,1
404,서울 삼전도비,37.5102657658,127.1011836669,1
405,인왕사(서울),37.5786358368,126.9597168346,1
406,창덕궁 인정문,37.5787974932,126.9911806294,1
407,온수도시 자연공원(잣절공원),37.5009649129,126.8381773249,1
408,선유도공원,37.5424362298,126.9018342452,1
409,광희문,37.5643772800,127.0096987947,1
410,서울 애니메이션센터,37.5598523283,126.9831152342,1
411,서대문독립공원,37.5766554381,126.9556450402,1
412,관음사(서울),37.4676601403,126.9765239933,1
413,천도교중앙대교당,37.5752366988,126.9857645568,1
414,승가사(서울),37.6265552757,126.9603404195,1
415,예지원,37.5515258689,127.0026581340,1
416,수락산 당고개지구 공원,37.6687552242,127.0758064644,1
417,연세로,37.5557797448,126.9365529264,1
418,고덕동 생태경관 보전지역,37.5670267098,127.1493110052,1
419,남산 야외식물원,37.5415658115,126.9969033844,1
420,헌인릉 생태경관보전지역(오리나무림),37.4642652042,127.0819811618,1
421,천호공원,37.5447233407,127.1269358994,1
422,북촌한옥마을,37.5791612548,126.9864254967,1
423,수국사(서울),37.6159499573,126.9047680128,1
424,더벨스파 동대문현대시티아울렛점,37.5687878415,127.0076821872,1
425,관악산 낙성대공원,37.4711316683,126.9602475997,1
426,극락사(서울),37.6047383453,127.1133520931,1
427,황금온천,37.4919081987,127.0252660955,1
428,천간사,37.6173975381,126.9341958425,1
429,올림픽대교,37.5324160470,127.1053604352,1
430,전주이씨광평대군파묘역,37.4869238843,127.0930295156,1
431,남산서울타워 한복문화체험관,37.5511312042,126.9878594933,1
432,용마폭포공원,37.5738526356,127.0906494851,1
433,강변스파랜드,37.5348266305,127.0916116181,1
434,미타사(성북),37.5851472015,127.0160170744,1
435,서울 몽촌토성,37.5209871362,127.1229758237,1
436,백사실계곡,37.6004834158,126.9663489448,1
437,서울 효창공원,37.5450425860,126.9634757763,1
438,동십자각,37.5761337030,126.9794373301,1
439,전통주갤러리,37.5784557709,126.9858672342,1
440,이촌한강공원,37.5178208785,126.9707592150,1
441,서울 태릉(문정왕후)과 강릉(인순왕후) [유네스코 세계문화유산],37.6341401904,127.0971582841,1
442,수암사,37.6763239530,127.0849276385,1
443,화계사(서울),37.6326415233,127.0073220730,1
444,서울 용산신학교와 원효로 예수성심성당,37.5344186461,126.9537436297,1
445,서울 고려대학교 본관,37.5894664364,127.0322710260,1
446,서울 암사동 유적,37.5605132450,127.1309239757,1
447,몽마르뜨공원,37.4955435016,127.0037401743,1
448,사직공원(서울),37.5757085419,126.9676800810,1
449,충익공신경진묘역,37.5961975185,127.1049169938,1
450,승동교회,37.5712538383,126.9863146199,1
451,새남터기념성당,37.5249586869,126.9567186255,1
452,순정효황후윤씨친가,37.5586776601,126.9939920541,1
453,숭인근린공원,37.5765176820,127.0178504854,1
454,봉국사(서울),37.6057001931,127.0062951545,1
455,서울 연세대학교 스팀슨관,37.5659535914,126.9381636030,1
456,서울 신림동 굴참나무,37.4710197967,126.9169737649,1
457,서울창포원,37.6893801026,127.0481278444,1
458,경복궁,37.5788222356,126.9769930325,1
459,영등포 신길동 홍어거리,37.5105456646,126.9115453697,1
460,황학정,37.5776027007,126.9640359154,1
461,창의문(자하문),37.5926982124,126.9665047068,1
462,양화진외국인선교사묘원(외인묘지),37.5465275879,126.9111804997,1
463,인사동,37.5754310780,126.9833758804,1
464,수락산 학림사,37.6821398057,127.0773476077,1
465,시그니엘서울 에비앙 스파,37.5126238510,127.1025779177,1
466,오휘&후스파명동,37.5621104492,126.9858871398,1
467,서빙고동 부군당,37.5204876354,126.9930487758,1
468,평화열차 DMZ 트레인,37.5325606870,126.9626234290,1
469,독립관,37.5730642335,126.9581338041,1
470,독립문,37.5746640029,126.9556423190,1
471,서울 경모궁지,37.5807946333,126.9994992588,1
472,보광사 보광선원(서울),37.6500533176,127.0034858166,1
473,정선옹주 묘역,37.5020034970,126.8278087964,1
474,중명전,37.5666207957,126.9725215638,1
475,경희궁,37.5704425020,126.9685079323,1
476,오목공원,37.5275902300,126.8736538992,1
477,호암산성,37.4474946828,126.9131692166,1
478,유심사,37.5815082151,126.9870198203,1
479,봉화산(서울),37.6086568514,127.0866155277,1
480,고당조만식선생동상,37.5500801547,127.0771625000,1
481,봉은사(서울),37.5158782211,127.0577485719,1
482,익선동,37.5735203041,126.9897920161,1
483,보라매안전체험관,37.4929339232,126.9172397911,1
484,청와대 앞길,37.5835410742,126.9737681926,1
485,오동근린공원,37.6329891526,127.0321864624,1
486,학도암(서울),37.6519935361,127.0897584489,1
487,성덕사,37.6034935650,127.0867351085,1
488,내원사(서울),37.6266725544,126.9951622409,1
489,금선사(서울),37.6207780461,126.9534467684,1
490,자운암(서울),37.4487397158,126.9542210004,1
491,상허이태준가옥(수연산방),37.5950623345,126.9947965053,1
492,종묘 [유네스코 세계문화유산],37.5731898785,126.9948998937,1
493,"서울 헌릉(태종,원경왕후)과 인릉(순조,순원왕후) [유네스코 세계문화유산]",37.4653567754,127.0837087516,1
494,육군사관학교,37.6234664798,127.0998333455,1
495,레일크루즈 해랑열차,37.5548277077,126.9717164149,1
496,롯데호텔서울 설화수 스파,37.5654794250,126.9816346542,1
497,망원정지,37.5498715280,126.9046921083,1
498,용산가족공원,37.5201069720,126.9845717812,1
499,북한산국립공원(서울),37.6215453578,126.9943263511,1
500,서울 남현동 요지,37.4748538047,126.9796068440,1
501,어린이 감각놀이터 디키디키,37.5681962916,127.0103125191,1
502,국제음식문화거리(INTERNATIONAL FOOD STREET),37.5058319638,126.8914195585,1
503,마로니에공원,37.5802419773,127.0027239807,1
504,창덕궁 향나무,37.5792862950,126.9894641053,1
505,롯데월드타워&롯데월드몰,37.5126349603,127.1025918048,1
506,송재서재필선생상,37.5745084649,126.9556062153,1
507,도선사(서울),37.6552274686,126.9897341460,1
508,아시아공원,37.5100820131,127.0767025661,1
509,서울 정동교회,37.5654653714,126.9723466121,1
510,서울 관상감 관천대,37.5781419576,126.9880281575,1
511,율곡로,37.5769838749,126.9944914897,1
512,순국선열추념탑,37.5729253140,126.9555284897,1
513,서울 우정총국,37.5744256247,126.9825759817,1
514,경희궁공원,37.5707591425,126.9691050910,1
515,용양봉저정 공원,37.5124879286,126.9575327922,1
516,보광사(서울),37.5271063892,126.9973954154,1
517,의열사(용산),37.5452647296,126.9605427036,1
518,공덕동 족발 골목,37.5444202509,126.9531378467,1
519,여의도샛강생태공원,37.5187393412,126.9218442005,1
520,아차산,37.5529441189,127.0998297997,1
521,북악산,37.5928898572,126.9665491417,1
522,서울 경교장,37.5683899481,126.9677163958,1
523,탑골공원,37.5710594522,126.9883005554,1
524,대원군별장 (석파정),37.5991223247,126.9586719057,1
525,도산공원,37.5214632538,127.0338117034,1
526,국회의사당,37.5319710006,126.9142167446,1
527,명동 남대문 북창동 다동무교동 관광특구,37.5599771733,126.9753048316,1
528,약수사(서울),37.4595603285,126.9344613837,1
529,갈산근린공원,37.5061176314,126.8684105358,1
530,자양동 양꼬치거리 (중국음식문화거리),37.5393839589,127.0651972268,1
531,명성황후 조난지,37.5774168614,126.9779874266,1
532,브이알존 큐브 강남점,37.4999239403,127.0255686191,1
533,덕수궁,37.5661486714,126.9749296905,1
534,일자산허브천문공원,37.5373496895,127.1542252927,1
535,해풍부원군윤택영댁재실,37.5583638148,126.9944031366,1
536,스파 도향,37.5082981035,127.0331260275,1
537,방화대교,37.5876685005,126.8256843610,1
538,KT스퀘어,37.5722035751,126.9778070347,1
539,디지털 파빌리온,37.5795344793,126.8897676324,1
540,청계천 버들습지,37.5724768470,127.0379904319,1
541,삼각산,37.6582465830,126.9909006206,1
542,서울 운현궁,37.5764588036,126.9871421746,1
543,스파레이,37.5178689471,127.0182354456,1
544,대한제국군 서울시가 전투지,37.5607020615,126.9737577300,1
545,달마사(서울),37.4985229748,126.9626521644,1
546,난지천공원,37.5725158027,126.8870625217,1
547,보신각 터,37.5698150675,126.9835760212,1
548,윌리엄해밀턴쇼 동상,37.6056986983,126.9229971951,1
549,목멱산봉수대터,37.5523504964,126.9872817336,1
550,서울 연세대학교 언더우드관,37.5649231574,126.9383080636,1
551,잠실한강공원,37.5210783227,127.0969170819,1
552,응봉산(서울),37.5471796096,127.0281781551,1
553,호국무공수훈자공적비,37.4846647857,127.4955374641,1
554,"서울 의릉(경종,선의왕후) [유네스코 세계문화유산]",37.6035486003,127.0582349259,1
555,청와대,37.5839799278,126.9746792089,1
556,홍릉수목원,37.5924523515,127.0406812854,1
557,북촌 8경,37.5791612548,126.9864254967,1
558,탄천,37.4931289104,127.1036172651,1
559,서울 약현성당,37.5591437954,126.9674194623,1
560,나석주의사동상,37.5655100385,126.9850482312,1
561,청담패션거리,37.5259073966,127.0457632671,1
562,한강시민공원 뚝섬지구(뚝섬한강공원),37.5294074983,127.0739744885,1
563,거북선나루터,37.5182707714,126.9676539295,1
564,용왕정,37.5461658142,126.8717257737,1
565,장충단공원,37.5576029665,127.0041161624,1
566,감로암(서울),37.5753148419,127.0066015446,1
567,문화철도 959,37.5089677083,126.8912917045,1
568,약사사(서울),37.5869209605,126.8029808981,1
569,용굴암(서울),37.6878781158,127.0822469969,1
570,북서울 꿈의숲,37.6233876457,127.0407498436,1
571,채석장 전망대,37.5763592720,127.0125537510,1
572,서울 고려대학교 중앙도서관,37.5898997105,127.0317877244,1
573,남강이승훈선생동상,37.5488358400,127.0763931608,1
574,망우산(서울),37.5942810870,127.1056030968,1
575,서울 석촌동 고분군,37.5021945110,127.1028309684,1
576,시간을 담다,37.5627326749,126.9901422899,1
577,무중력지대 양천,37.5246489705,126.8773230917,1
578,서울 정릉(신덕왕후) [유네스코 세계문화유산],37.6023505830,127.0063452451,1
579,서울 동관왕묘,37.5727625733,127.0184394274,1
580,우당 이회영 선생 흉상,37.5648934636,126.9861287059,1
581,"지양산(무장애숲길,유아숲체험원)",37.5210179822,126.8293886741,1
582,3.1독립운동기념탑,37.5529562386,127.0015748587,1
583,중앙고등학교,37.5841440162,126.9868503170,1
584,만해한용운심우장,37.5936180016,126.9916690530,1
585,온수공원,37.4996372593,126.8364636294,1
586,서촌마을,37.5781277997,126.9729684191,1
587,방이동 생태경관 보전지역,37.5120857057,127.1403911599,1
588,이충순 자결 터,37.5615435807,126.9709774034,1
589,푸른수목원&항동철길,37.4830806290,126.8240846662,1
590,길상사(서울),37.5990951960,126.9946241836,1
591,조계사(서울),37.5738701204,126.9818371759,1
592,서울 삼각지 대구탕 골목,37.5344523297,126.9735279372,1
593,세종로공원,37.5734839509,126.9760710456,1
594,3.1독립선언기념탑,37.5745084649,126.9556062153,1
595,장충동 족발 골목,37.5604832175,127.0057825956,1
596,순명비유강원석물,37.5488358400,127.0763931608,1
597,경찰혼,37.5263408571,126.9006431406,1
598,서울 영휘원(순헌황귀비)과 숭인원(이진),37.5896471740,127.0435644361,1
599,경희궁 흥화문,37.5704814320,126.9710493661,1
600,신천 어린이교통공원,37.5160067765,127.1017390089,1